{
  "startBalance": 1,
  "currentBalance": 1.101621679754018,
  "peakBalance": 1.1325103362537456,
  "maxDrawdown": 11.567974797715538,
  "tradeCount": 25,
  "winCount": 15,
  "lossCount": 10,
  "totalPnLPercent": 10.162167975401793
}