{
  "startBalance": 1,
  "currentBalance": 1.3573035717453261,
  "peakBalance": 1.3573035717453261,
  "maxDrawdown": 11.567974797715538,
  "tradeCount": 63,
  "winCount": 38,
  "lossCount": 25,
  "totalPnLPercent": 35.730357174532614
}