{
  "startBalance": 1,
  "currentBalance": 1.4145832447511515,
  "peakBalance": 1.4145832447511515,
  "maxDrawdown": 11.567974797715538,
  "tradeCount": 65,
  "winCount": 40,
  "lossCount": 25,
  "totalPnLPercent": 41.45832447511515
}