{
  "startBalance": 1,
  "currentBalance": 1.149126669773978,
  "peakBalance": 1.149126669773978,
  "maxDrawdown": 11.567974797715538,
  "tradeCount": 26,
  "winCount": 16,
  "lossCount": 10,
  "totalPnLPercent": 14.912666977397793
}