{
  "startBalance": 1,
  "currentBalance": 1.032913283681254,
  "peakBalance": 1.0527098938507455,
  "maxDrawdown": 1.8805380556533757,
  "tradeCount": 3,
  "winCount": 2,
  "lossCount": 1,
  "totalPnLPercent": 3.2913283681254013
}